{
  "timestamp": "2026-06-18T14:27:52.019727",
  "ckpt": "checkpoints/pick_v4_25k/pick_v4_25k_final.pt",
  "ckpt_step": 25000,
  "ckpt_loss": 0.0717469747364521,
  "protocol": {
    "ensembling": true,
    "ensembling_k": 0.4,
    "max_tries": 3,
    "max_steps_per_try": 80
  },
  "seeds_inits": 5,
  "rollouts_per_init": 30,
  "total_rollouts": 150,
  "success_overall": 115,
  "rate_overall": 0.7666666666666667,
  "ci95_low": 0.6928407309593593,
  "ci95_high": 0.8271746614962575,
  "per_seed_success": [
    23,
    19,
    22,
    25,
    26
  ],
  "per_seed_mean": 23.0,
  "per_seed_std": 2.4494898319244385,
  "frames_stats": {
    "mean": 151.82,
    "min": 11,
    "max": 480
  },
  "all_cube_xy": [
    [
      0.6660934072833945,
      -0.012224312049589542
    ],
    [
      0.6787896879867074,
      0.039473605811872786
    ],
    [
      0.5641266021831475,
      0.09512447032735119
    ],
    [
      0.664170955298553,
      0.05721286105539078
    ],
    [
      0.569217044901332,
      -0.009922812420886579
    ],
    [
      0.6056197036348872,
      0.08535299776972036
    ],
    [
      0.6465797680120997,
      0.064552322654166
    ],
    [
      0.6165121298240996,
      -0.054552255643044625
    ],
    [
      0.6331877180523752,
      -0.08723654877916494
    ],
    [
      0.6741446757988873,
      0.026332879824412958
    ],
    [
      0.6637131610128061,
      -0.029094806374026325
    ],
    [
      0.6956047036592354,
      0.07862422426443955
    ],
    [
      0.6667575245610643,
      -0.06107225842960649
    ],
    [
      0.6200081505590551,
      -0.09123924684255424
    ],
    [
      0.5731434238101322,
      0.03660979064849093
    ],
    [
      0.6617143233861725,
      0.09350194648684201
    ],
    [
      0.5988738037207229,
      -0.025908058793026226
    ],
    [
      0.6204333716913712,
      -0.06210572818314286
    ],
    [
      0.5694882258003208,
      -0.004859014754813248
    ],
    [
      0.5840364023576327,
      0.03396279893650206
    ],
    [
      0.6155727878308497,
      0.0665356392115675
    ],
    [
      0.6550397653003374,
      -0.03752667172359179
    ],
    [
      0.6748389702092801,
      0.06095287149936038
    ],
    [
      0.6081217568545262,
      -0.04233437921395118
    ],
    [
      0.6523743255962463,
      -0.07204950327813804
    ],
    [
      0.5799862303712663,
      -0.09852754604979891
    ],
    [
      0.6680386566253207,
      0.03297017131840643
    ],
    [
      0.6557748067939503,
      0.05614580620439358
    ],
    [
      0.618837366330751,
      0.013748239190578743
    ],
    [
      0.5709695497191487,
      -0.07709398529280531
    ],
    [
      0.6478448894051366,
      -0.09124493527220068
    ],
    [
      0.5530044380311325,
      0.06784251650220602
    ],
    [
      0.6380714571382088,
      -0.05505895395927512
    ],
    [
      0.6627688407727923,
      -0.04726156050432506
    ],
    [
      0.6129966864574402,
      -0.009793722599778218
    ],
    [
      0.6932971868831856,
      0.07838033383660856
    ],
    [
      0.5917949538278415,
      -0.04429314044412487
    ],
    [
      0.6132999362270894,
      -0.09918445500280226
    ],
    [
      0.596338565161769,
      0.09035080329272291
    ],
    [
      0.6757307167402719,
      0.007025651419520801
    ],
    [
      0.6228232818936231,
      0.08902533603015769
    ],
    [
      0.6389761281196246,
      0.08857358371374208
    ],
    [
      0.699682261641118,
      -0.09324706913686076
    ],
    [
      0.567784090313852,
      0.05223976759536941
    ],
    [
      0.5689206203489959,
      -0.03163142897628701
    ],
    [
      0.5950028934694708,
      0.010209018117944585
    ],
    [
      0.5575929643447656,
      -0.00980592413449248
    ],
    [
      0.6333124843241983,
      -0.07616589513562827
    ],
    [
      0.6012137629033658,
      0.0009103498306295005
    ],
    [
      0.5955947665858583,
      -0.016432732969374378
    ],
    [
      0.612184150246917,
      -0.08133723156862907
    ],
    [
      0.6381994600883977,
      -0.08518882768552172
    ],
    [
      0.637077914783842,
      -0.08342569680856056
    ],
    [
      0.6308685726482968,
      0.0701537965858314
    ],
    [
      0.5933194390467438,
      -0.08345102866231356
    ],
    [
      0.59807201383547,
      -0.015100161302521342
    ],
    [
      0.6418248410094696,
      -0.06969363392006411
    ],
    [
      0.5505942045585429,
      0.06861646268536117
    ],
    [
      0.6182633976932493,
      0.014726121764242456
    ],
    [
      0.6701992244584677,
      0.052649407585034336
    ],
    [
      0.5683848264510808,
      -0.0483773850454454
    ],
    [
      0.6108656091731697,
      0.09383678962888439
    ],
    [
      0.5743475687178351,
      0.0714587347113543
    ],
    [
      0.5744567906606598,
      -0.032407610206816526
    ],
    [
      0.6516584226070805,
      0.02330683431278177
    ],
    [
      0.6932404246102748,
      -0.017719843826525222
    ],
    [
      0.6909462717967592,
      0.08534973855071204
    ],
    [
      0.6573357612914298,
      -0.09610757783933117
    ],
    [
      0.6696098950083142,
      0.08015103769062273
    ],
    [
      0.6285794229669344,
      -0.060567462218303295
    ],
    [
      0.5771189845971065,
      0.06907902782510375
    ],
    [
      0.56308616399717,
      0.009241285812681174
    ],
    [
      0.5805135824947336,
      -0.039743932419464126
    ],
    [
      0.6965731714795652,
      -0.04467497728913783
    ],
    [
      0.6525265183781983,
      0.05347703366154999
    ],
    [
      0.5932348399535705,
      -0.07068808980544415
    ],
    [
      0.6658240886428272,
      -0.00927612373665991
    ],
    [
      0.5931819400925212,
      -0.057675435990689854
    ],
    [
      0.6975432378276424,
      0.029261382741546937
    ],
    [
      0.6284595838692871,
      -0.07716089829000697
    ],
    [
      0.6868666142793644,
      -0.033442632772921616
    ],
    [
      0.6686111585563005,
      0.08106735055583733
    ],
    [
      0.5808768605792224,
      0.09558962434076085
    ],
    [
      0.6841296841099496,
      0.013225236607195073
    ],
    [
      0.6586471247767762,
      -0.0445211777653457
    ],
    [
      0.6585556396095927,
      -0.013773257314988241
    ],
    [
      0.5988236061635186,
      0.03937436030666269
    ],
    [
      0.6074691746317571,
      0.04090297854819361
    ],
    [
      0.6777294761697499,
      -0.045836128736322417
    ],
    [
      0.5809748956470537,
      -0.035926819995837425
    ],
    [
      0.6359695985421259,
      0.005698229034040561
    ],
    [
      0.6645475359702889,
      0.062338553401921404
    ],
    [
      0.6265343282801086,
      0.055867934479557485
    ],
    [
      0.6694169956690067,
      0.018951000868173543
    ],
    [
      0.6112867070343916,
      0.03425528796095953
    ],
    [
      0.6441201744780382,
      0.06801647114663495
    ],
    [
      0.6586245232769151,
      0.005803681627809226
    ],
    [
      0.6946098882788445,
      -0.006249158573922248
    ],
    [
      0.6716658949648002,
      0.07305537405274082
    ],
    [
      0.644476439897965,
      -0.09061767124363394
    ],
    [
      0.5582330975481472,
      -0.0760240182142775
    ],
    [
      0.655346419909621,
      -0.09118488345239584
    ],
    [
      0.6550310182154832,
      -0.01602491276282421
    ],
    [
      0.6054057633595229,
      -0.06921497303699078
    ],
    [
      0.5659556969495282,
      -0.07492208414805107
    ],
    [
      0.6666715439633701,
      -0.06508480413593971
    ],
    [
      0.6564590590142642,
      0.04037518549074465
    ],
    [
      0.6284329924768796,
      0.09207927141684843
    ],
    [
      0.6059989467288857,
      -0.09291151342106646
    ],
    [
      0.6243118119781572,
      -0.059494007268105414
    ],
    [
      0.5686496139282322,
      0.0984986315167434
    ],
