{
  "timestamp": "2026-06-18T14:33:46.657032",
  "ckpt": "checkpoints/pick_v4_25k/pick_v4_25k_final.pt",
  "ckpt_step": 25000,
  "ckpt_loss": 0.0717469747364521,
  "protocol": {
    "ensembling": true,
    "ensembling_k": 0.45,
    "max_tries": 5,
    "max_steps_per_try": 160
  },
  "seeds_inits": 5,
  "rollouts_per_init": 20,
  "total_rollouts": 100,
  "success_overall": 98,
  "rate_overall": 0.98,
  "ci95_low": 0.9299868370580063,
  "ci95_high": 0.9944981477650318,
  "per_seed_success": [
    20,
    20,
    20,
    19,
    19
  ],
  "per_seed_mean": 19.600000381469727,
  "per_seed_std": 0.4898979663848877,
  "frames_stats": {
    "mean": 203.52,
    "min": 11,
    "max": 1413
  },
  "all_cube_xy": [
    [
      0.6660934072833945,
      -0.012224312049589542
    ],
    [
      0.6787896879867074,
      0.039473605811872786
    ],
    [
      0.5641266021831475,
      0.09512447032735119
    ],
    [
      0.664170955298553,
      0.05721286105539078
    ],
    [
      0.569217044901332,
      -0.009922812420886579
    ],
    [
      0.6056197036348872,
      0.08535299776972036
    ],
    [
      0.6465797680120997,
      0.064552322654166
    ],
    [
      0.6165121298240996,
      -0.054552255643044625
    ],
    [
      0.6331877180523752,
      -0.08723654877916494
    ],
    [
      0.6741446757988873,
      0.026332879824412958
    ],
    [
      0.6637131610128061,
      -0.029094806374026325
    ],
    [
      0.6956047036592354,
      0.07862422426443955
    ],
    [
      0.6667575245610643,
      -0.06107225842960649
    ],
    [
      0.6200081505590551,
      -0.09123924684255424
    ],
    [
      0.5731434238101322,
      0.03660979064849093
    ],
    [
      0.6617143233861725,
      0.09350194648684201
    ],
    [
      0.5988738037207229,
      -0.025908058793026226
    ],
    [
      0.6204333716913712,
      -0.06210572818314286
    ],
    [
      0.5694882258003208,
      -0.004859014754813248
    ],
    [
      0.5840364023576327,
      0.03396279893650206
    ],
    [
      0.6478448894051366,
      -0.09124493527220068
    ],
    [
      0.5530044380311325,
      0.06784251650220602
    ],
    [
      0.6380714571382088,
      -0.05505895395927512
    ],
    [
      0.6627688407727923,
      -0.04726156050432506
    ],
    [
      0.6129966864574402,
      -0.009793722599778218
    ],
    [
      0.6932971868831856,
      0.07838033383660856
    ],
    [
      0.5917949538278415,
      -0.04429314044412487
    ],
    [
      0.6132999362270894,
      -0.09918445500280226
    ],
    [
      0.596338565161769,
      0.09035080329272291
    ],
    [
      0.6757307167402719,
      0.007025651419520801
    ],
    [
      0.6228232818936231,
      0.08902533603015769
    ],
    [
      0.6389761281196246,
      0.08857358371374208
    ],
    [
      0.699682261641118,
      -0.09324706913686076
    ],
    [
      0.567784090313852,
      0.05223976759536941
    ],
    [
      0.5689206203489959,
      -0.03163142897628701
    ],
    [
      0.5950028934694708,
      0.010209018117944585
    ],
    [
      0.5575929643447656,
      -0.00980592413449248
    ],
    [
      0.6333124843241983,
      -0.07616589513562827
    ],
    [
      0.6012137629033658,
      0.0009103498306295005
    ],
    [
      0.5955947665858583,
      -0.016432732969374378
    ],
    [
      0.5683848264510808,
      -0.0483773850454454
    ],
    [
      0.6108656091731697,
      0.09383678962888439
    ],
    [
      0.5743475687178351,
      0.0714587347113543
    ],
    [
      0.5744567906606598,
      -0.032407610206816526
    ],
    [
      0.6516584226070805,
      0.02330683431278177
    ],
    [
      0.6932404246102748,
      -0.017719843826525222
    ],
    [
      0.6909462717967592,
      0.08534973855071204
    ],
    [
      0.6573357612914298,
      -0.09610757783933117
    ],
    [
      0.6696098950083142,
      0.08015103769062273
    ],
    [
      0.6285794229669344,
      -0.060567462218303295
    ],
    [
      0.5771189845971065,
      0.06907902782510375
    ],
    [
      0.56308616399717,
      0.009241285812681174
    ],
    [
      0.5805135824947336,
      -0.039743932419464126
    ],
    [
      0.6965731714795652,
      -0.04467497728913783
    ],
    [
      0.6525265183781983,
      0.05347703366154999
    ],
    [
      0.5932348399535705,
      -0.07068808980544415
    ],
    [
      0.6658240886428272,
      -0.00927612373665991
    ],
    [
      0.5931819400925212,
      -0.057675435990689854
    ],
    [
      0.6975432378276424,
      0.029261382741546937
    ],
    [
      0.6284595838692871,
      -0.07716089829000697
    ],
    [
      0.6359695985421259,
      0.005698229034040561
    ],
    [
      0.6645475359702889,
      0.062338553401921404
    ],
    [
      0.6265343282801086,
      0.055867934479557485
    ],
    [
      0.6694169956690067,
      0.018951000868173543
    ],
    [
      0.6112867070343916,
      0.03425528796095953
    ],
    [
      0.6441201744780382,
      0.06801647114663495
    ],
    [
      0.6586245232769151,
      0.005803681627809226
    ],
    [
      0.6946098882788445,
      -0.006249158573922248
    ],
    [
      0.6716658949648002,
      0.07305537405274082
    ],
    [
      0.644476439897965,
      -0.09061767124363394
    ],
    [
      0.5582330975481472,
      -0.0760240182142775
    ],
    [
      0.655346419909621,
      -0.09118488345239584
    ],
    [
      0.6550310182154832,
      -0.01602491276282421
    ],
    [
      0.6054057633595229,
      -0.06921497303699078
    ],
    [
      0.5659556969495282,
      -0.07492208414805107
    ],
    [
      0.6666715439633701,
      -0.06508480413593971
    ],
    [
      0.6564590590142642,
      0.04037518549074465
    ],
    [
      0.6284329924768796,
      0.09207927141684843
    ],
    [
      0.6059989467288857,
      -0.09291151342106646
    ],
    [
      0.6243118119781572,
      -0.059494007268105414
    ],
    [
      0.6858406415035467,
      -0.08455464135765137
    ],
    [
      0.5908854633877957,
      0.024370096449226608
    ],
    [
      0.6901042612434046,
      -0.0830106426122447
    ],
    [
      0.6443844650091943,
      0.05511434929485237
    ],
    [
      0.6267165268154815,
      0.049701543732500686
    ],
    [
      0.6820737216409314,
      -0.00017067163381116746
    ],
    [
      0.6692357674304527,
      -0.08896554215925848
    ],
    [
      0.6595538773209672,
      0.054580546504009536
    ],
    [
      0.559970490277712,
      -0.07898816769332069
    ],
    [
      0.6085141991467794,
      -0.034782261994308034
    ],
    [
      0.5877527691379084,
      0.06858546493215875
    ],
    [
      0.551060719297869,
      -0.06377948665814559
    ],
    [
      0.6457440291069372,
      -0.004249283362917217
    ],
    [
      0.6251710879505323,
      0.036189066580958856
    ],
    [
      0.5583310640065515,
      0.04676535767299622
    ],
    [
      0.6479965176879873,
      0.08000036681499947
    ],
    [
      0.6432928054878736,
      0.09831978273432795
    ],
    [
      0.6245902770610026,
      0.04411408875716913
    ],
    [
      0.5564643260147223,
      -0.048117352713114084
    ],
    [
      0.5759527783386772,
      0.009040243307820856
    ]
  ],
  "is_vision_only": true
}